filename,rgb_path,fluo_path,registered_rgb_train_path,registered_rgb_visual_path,overlay_path,status,message
00370.jpg,D:\multimodel\data\apply_rgbtest\00370.jpg,D:\multimodel\data\apply_graytest\00370.jpg,D:\multimodel\data\APPLY_RGB\apply\registered_rgb_for_train\00370.jpg,D:\multimodel\data\APPLY_RGB\apply\visualization\registered_rgb_00370.jpg,D:\multimodel\data\APPLY_RGB\apply\visualization\overlay_00370.jpg,success,
00371.jpg,D:\multimodel\data\apply_rgbtest\00371.jpg,D:\multimodel\data\apply_graytest\00371.jpg,D:\multimodel\data\APPLY_RGB\apply\registered_rgb_for_train\00371.jpg,D:\multimodel\data\APPLY_RGB\apply\visualization\registered_rgb_00371.jpg,D:\multimodel\data\APPLY_RGB\apply\visualization\overlay_00371.jpg,success,
00372.jpg,D:\multimodel\data\apply_rgbtest\00372.jpg,D:\multimodel\data\apply_graytest\00372.jpg,D:\multimodel\data\APPLY_RGB\apply\registered_rgb_for_train\00372.jpg,D:\multimodel\data\APPLY_RGB\apply\visualization\registered_rgb_00372.jpg,D:\multimodel\data\APPLY_RGB\apply\visualization\overlay_00372.jpg,success,
00373.jpg,D:\multimodel\data\apply_rgbtest\00373.jpg,D:\multimodel\data\apply_graytest\00373.jpg,D:\multimodel\data\APPLY_RGB\apply\registered_rgb_for_train\00373.jpg,D:\multimodel\data\APPLY_RGB\apply\visualization\registered_rgb_00373.jpg,D:\multimodel\data\APPLY_RGB\apply\visualization\overlay_00373.jpg,success,
00374.jpg,D:\multimodel\data\apply_rgbtest\00374.jpg,D:\multimodel\data\apply_graytest\00374.jpg,D:\multimodel\data\APPLY_RGB\apply\registered_rgb_for_train\00374.jpg,D:\multimodel\data\APPLY_RGB\apply\visualization\registered_rgb_00374.jpg,D:\multimodel\data\APPLY_RGB\apply\visualization\overlay_00374.jpg,success,
00375.jpg,D:\multimodel\data\apply_rgbtest\00375.jpg,D:\multimodel\data\apply_graytest\00375.jpg,D:\multimodel\data\APPLY_RGB\apply\registered_rgb_for_train\00375.jpg,D:\multimodel\data\APPLY_RGB\apply\visualization\registered_rgb_00375.jpg,D:\multimodel\data\APPLY_RGB\apply\visualization\overlay_00375.jpg,success,
00376.jpg,D:\multimodel\data\apply_rgbtest\00376.jpg,D:\multimodel\data\apply_graytest\00376.jpg,D:\multimodel\data\APPLY_RGB\apply\registered_rgb_for_train\00376.jpg,D:\multimodel\data\APPLY_RGB\apply\visualization\registered_rgb_00376.jpg,D:\multimodel\data\APPLY_RGB\apply\visualization\overlay_00376.jpg,success,
00377.jpg,D:\multimodel\data\apply_rgbtest\00377.jpg,D:\multimodel\data\apply_graytest\00377.jpg,D:\multimodel\data\APPLY_RGB\apply\registered_rgb_for_train\00377.jpg,D:\multimodel\data\APPLY_RGB\apply\visualization\registered_rgb_00377.jpg,D:\multimodel\data\APPLY_RGB\apply\visualization\overlay_00377.jpg,success,
00378.jpg,D:\multimodel\data\apply_rgbtest\00378.jpg,D:\multimodel\data\apply_graytest\00378.jpg,D:\multimodel\data\APPLY_RGB\apply\registered_rgb_for_train\00378.jpg,D:\multimodel\data\APPLY_RGB\apply\visualization\registered_rgb_00378.jpg,D:\multimodel\data\APPLY_RGB\apply\visualization\overlay_00378.jpg,success,
00379.jpg,D:\multimodel\data\apply_rgbtest\00379.jpg,D:\multimodel\data\apply_graytest\00379.jpg,D:\multimodel\data\APPLY_RGB\apply\registered_rgb_for_train\00379.jpg,D:\multimodel\data\APPLY_RGB\apply\visualization\registered_rgb_00379.jpg,D:\multimodel\data\APPLY_RGB\apply\visualization\overlay_00379.jpg,success,
00380.jpg,D:\multimodel\data\apply_rgbtest\00380.jpg,D:\multimodel\data\apply_graytest\00380.jpg,D:\multimodel\data\APPLY_RGB\apply\registered_rgb_for_train\00380.jpg,D:\multimodel\data\APPLY_RGB\apply\visualization\registered_rgb_00380.jpg,D:\multimodel\data\APPLY_RGB\apply\visualization\overlay_00380.jpg,success,
00381.jpg,D:\multimodel\data\apply_rgbtest\00381.jpg,D:\multimodel\data\apply_graytest\00381.jpg,D:\multimodel\data\APPLY_RGB\apply\registered_rgb_for_train\00381.jpg,D:\multimodel\data\APPLY_RGB\apply\visualization\registered_rgb_00381.jpg,D:\multimodel\data\APPLY_RGB\apply\visualization\overlay_00381.jpg,success,
00382.jpg,D:\multimodel\data\apply_rgbtest\00382.jpg,D:\multimodel\data\apply_graytest\00382.jpg,D:\multimodel\data\APPLY_RGB\apply\registered_rgb_for_train\00382.jpg,D:\multimodel\data\APPLY_RGB\apply\visualization\registered_rgb_00382.jpg,D:\multimodel\data\APPLY_RGB\apply\visualization\overlay_00382.jpg,success,
00383.jpg,D:\multimodel\data\apply_rgbtest\00383.jpg,D:\multimodel\data\apply_graytest\00383.jpg,D:\multimodel\data\APPLY_RGB\apply\registered_rgb_for_train\00383.jpg,D:\multimodel\data\APPLY_RGB\apply\visualization\registered_rgb_00383.jpg,D:\multimodel\data\APPLY_RGB\apply\visualization\overlay_00383.jpg,success,
00384.jpg,D:\multimodel\data\apply_rgbtest\00384.jpg,D:\multimodel\data\apply_graytest\00384.jpg,D:\multimodel\data\APPLY_RGB\apply\registered_rgb_for_train\00384.jpg,D:\multimodel\data\APPLY_RGB\apply\visualization\registered_rgb_00384.jpg,D:\multimodel\data\APPLY_RGB\apply\visualization\overlay_00384.jpg,success,
00385.jpg,D:\multimodel\data\apply_rgbtest\00385.jpg,D:\multimodel\data\apply_graytest\00385.jpg,D:\multimodel\data\APPLY_RGB\apply\registered_rgb_for_train\00385.jpg,D:\multimodel\data\APPLY_RGB\apply\visualization\registered_rgb_00385.jpg,D:\multimodel\data\APPLY_RGB\apply\visualization\overlay_00385.jpg,success,
00386.jpg,D:\multimodel\data\apply_rgbtest\00386.jpg,D:\multimodel\data\apply_graytest\00386.jpg,D:\multimodel\data\APPLY_RGB\apply\registered_rgb_for_train\00386.jpg,D:\multimodel\data\APPLY_RGB\apply\visualization\registered_rgb_00386.jpg,D:\multimodel\data\APPLY_RGB\apply\visualization\overlay_00386.jpg,success,
00387.jpg,D:\multimodel\data\apply_rgbtest\00387.jpg,D:\multimodel\data\apply_graytest\00387.jpg,D:\multimodel\data\APPLY_RGB\apply\registered_rgb_for_train\00387.jpg,D:\multimodel\data\APPLY_RGB\apply\visualization\registered_rgb_00387.jpg,D:\multimodel\data\APPLY_RGB\apply\visualization\overlay_00387.jpg,success,
00388.jpg,D:\multimodel\data\apply_rgbtest\00388.jpg,D:\multimodel\data\apply_graytest\00388.jpg,D:\multimodel\data\APPLY_RGB\apply\registered_rgb_for_train\00388.jpg,D:\multimodel\data\APPLY_RGB\apply\visualization\registered_rgb_00388.jpg,D:\multimodel\data\APPLY_RGB\apply\visualization\overlay_00388.jpg,success,
00389.jpg,D:\multimodel\data\apply_rgbtest\00389.jpg,D:\multimodel\data\apply_graytest\00389.jpg,D:\multimodel\data\APPLY_RGB\apply\registered_rgb_for_train\00389.jpg,D:\multimodel\data\APPLY_RGB\apply\visualization\registered_rgb_00389.jpg,D:\multimodel\data\APPLY_RGB\apply\visualization\overlay_00389.jpg,success,
00390.jpg,D:\multimodel\data\apply_rgbtest\00390.jpg,D:\multimodel\data\apply_graytest\00390.jpg,D:\multimodel\data\APPLY_RGB\apply\registered_rgb_for_train\00390.jpg,D:\multimodel\data\APPLY_RGB\apply\visualization\registered_rgb_00390.jpg,D:\multimodel\data\APPLY_RGB\apply\visualization\overlay_00390.jpg,success,
00391.jpg,D:\multimodel\data\apply_rgbtest\00391.jpg,D:\multimodel\data\apply_graytest\00391.jpg,D:\multimodel\data\APPLY_RGB\apply\registered_rgb_for_train\00391.jpg,D:\multimodel\data\APPLY_RGB\apply\visualization\registered_rgb_00391.jpg,D:\multimodel\data\APPLY_RGB\apply\visualization\overlay_00391.jpg,success,
00392.jpg,D:\multimodel\data\apply_rgbtest\00392.jpg,D:\multimodel\data\apply_graytest\00392.jpg,D:\multimodel\data\APPLY_RGB\apply\registered_rgb_for_train\00392.jpg,D:\multimodel\data\APPLY_RGB\apply\visualization\registered_rgb_00392.jpg,D:\multimodel\data\APPLY_RGB\apply\visualization\overlay_00392.jpg,success,
00393.jpg,D:\multimodel\data\apply_rgbtest\00393.jpg,D:\multimodel\data\apply_graytest\00393.jpg,D:\multimodel\data\APPLY_RGB\apply\registered_rgb_for_train\00393.jpg,D:\multimodel\data\APPLY_RGB\apply\visualization\registered_rgb_00393.jpg,D:\multimodel\data\APPLY_RGB\apply\visualization\overlay_00393.jpg,success,
00394.jpg,D:\multimodel\data\apply_rgbtest\00394.jpg,D:\multimodel\data\apply_graytest\00394.jpg,D:\multimodel\data\APPLY_RGB\apply\registered_rgb_for_train\00394.jpg,D:\multimodel\data\APPLY_RGB\apply\visualization\registered_rgb_00394.jpg,D:\multimodel\data\APPLY_RGB\apply\visualization\overlay_00394.jpg,success,
00395.jpg,D:\multimodel\data\apply_rgbtest\00395.jpg,D:\multimodel\data\apply_graytest\00395.jpg,D:\multimodel\data\APPLY_RGB\apply\registered_rgb_for_train\00395.jpg,D:\multimodel\data\APPLY_RGB\apply\visualization\registered_rgb_00395.jpg,D:\multimodel\data\APPLY_RGB\apply\visualization\overlay_00395.jpg,success,
00396.jpg,D:\multimodel\data\apply_rgbtest\00396.jpg,D:\multimodel\data\apply_graytest\00396.jpg,D:\multimodel\data\APPLY_RGB\apply\registered_rgb_for_train\00396.jpg,D:\multimodel\data\APPLY_RGB\apply\visualization\registered_rgb_00396.jpg,D:\multimodel\data\APPLY_RGB\apply\visualization\overlay_00396.jpg,success,
00397.jpg,D:\multimodel\data\apply_rgbtest\00397.jpg,D:\multimodel\data\apply_graytest\00397.jpg,D:\multimodel\data\APPLY_RGB\apply\registered_rgb_for_train\00397.jpg,D:\multimodel\data\APPLY_RGB\apply\visualization\registered_rgb_00397.jpg,D:\multimodel\data\APPLY_RGB\apply\visualization\overlay_00397.jpg,success,
00398.jpg,D:\multimodel\data\apply_rgbtest\00398.jpg,D:\multimodel\data\apply_graytest\00398.jpg,D:\multimodel\data\APPLY_RGB\apply\registered_rgb_for_train\00398.jpg,D:\multimodel\data\APPLY_RGB\apply\visualization\registered_rgb_00398.jpg,D:\multimodel\data\APPLY_RGB\apply\visualization\overlay_00398.jpg,success,
00399.jpg,D:\multimodel\data\apply_rgbtest\00399.jpg,D:\multimodel\data\apply_graytest\00399.jpg,D:\multimodel\data\APPLY_RGB\apply\registered_rgb_for_train\00399.jpg,D:\multimodel\data\APPLY_RGB\apply\visualization\registered_rgb_00399.jpg,D:\multimodel\data\APPLY_RGB\apply\visualization\overlay_00399.jpg,success,
00400.jpg,D:\multimodel\data\apply_rgbtest\00400.jpg,D:\multimodel\data\apply_graytest\00400.jpg,D:\multimodel\data\APPLY_RGB\apply\registered_rgb_for_train\00400.jpg,D:\multimodel\data\APPLY_RGB\apply\visualization\registered_rgb_00400.jpg,D:\multimodel\data\APPLY_RGB\apply\visualization\overlay_00400.jpg,success,
00401.jpg,D:\multimodel\data\apply_rgbtest\00401.jpg,D:\multimodel\data\apply_graytest\00401.jpg,D:\multimodel\data\APPLY_RGB\apply\registered_rgb_for_train\00401.jpg,D:\multimodel\data\APPLY_RGB\apply\visualization\registered_rgb_00401.jpg,D:\multimodel\data\APPLY_RGB\apply\visualization\overlay_00401.jpg,success,
00402.jpg,D:\multimodel\data\apply_rgbtest\00402.jpg,D:\multimodel\data\apply_graytest\00402.jpg,D:\multimodel\data\APPLY_RGB\apply\registered_rgb_for_train\00402.jpg,D:\multimodel\data\APPLY_RGB\apply\visualization\registered_rgb_00402.jpg,D:\multimodel\data\APPLY_RGB\apply\visualization\overlay_00402.jpg,success,
00403.jpg,D:\multimodel\data\apply_rgbtest\00403.jpg,D:\multimodel\data\apply_graytest\00403.jpg,D:\multimodel\data\APPLY_RGB\apply\registered_rgb_for_train\00403.jpg,D:\multimodel\data\APPLY_RGB\apply\visualization\registered_rgb_00403.jpg,D:\multimodel\data\APPLY_RGB\apply\visualization\overlay_00403.jpg,success,
00404.jpg,D:\multimodel\data\apply_rgbtest\00404.jpg,D:\multimodel\data\apply_graytest\00404.jpg,D:\multimodel\data\APPLY_RGB\apply\registered_rgb_for_train\00404.jpg,D:\multimodel\data\APPLY_RGB\apply\visualization\registered_rgb_00404.jpg,D:\multimodel\data\APPLY_RGB\apply\visualization\overlay_00404.jpg,success,
00405.jpg,D:\multimodel\data\apply_rgbtest\00405.jpg,D:\multimodel\data\apply_graytest\00405.jpg,D:\multimodel\data\APPLY_RGB\apply\registered_rgb_for_train\00405.jpg,D:\multimodel\data\APPLY_RGB\apply\visualization\registered_rgb_00405.jpg,D:\multimodel\data\APPLY_RGB\apply\visualization\overlay_00405.jpg,success,
00406.jpg,D:\multimodel\data\apply_rgbtest\00406.jpg,D:\multimodel\data\apply_graytest\00406.jpg,D:\multimodel\data\APPLY_RGB\apply\registered_rgb_for_train\00406.jpg,D:\multimodel\data\APPLY_RGB\apply\visualization\registered_rgb_00406.jpg,D:\multimodel\data\APPLY_RGB\apply\visualization\overlay_00406.jpg,success,
00407.jpg,D:\multimodel\data\apply_rgbtest\00407.jpg,D:\multimodel\data\apply_graytest\00407.jpg,D:\multimodel\data\APPLY_RGB\apply\registered_rgb_for_train\00407.jpg,D:\multimodel\data\APPLY_RGB\apply\visualization\registered_rgb_00407.jpg,D:\multimodel\data\APPLY_RGB\apply\visualization\overlay_00407.jpg,success,
00408.jpg,D:\multimodel\data\apply_rgbtest\00408.jpg,D:\multimodel\data\apply_graytest\00408.jpg,D:\multimodel\data\APPLY_RGB\apply\registered_rgb_for_train\00408.jpg,D:\multimodel\data\APPLY_RGB\apply\visualization\registered_rgb_00408.jpg,D:\multimodel\data\APPLY_RGB\apply\visualization\overlay_00408.jpg,success,
00409.jpg,D:\multimodel\data\apply_rgbtest\00409.jpg,D:\multimodel\data\apply_graytest\00409.jpg,D:\multimodel\data\APPLY_RGB\apply\registered_rgb_for_train\00409.jpg,D:\multimodel\data\APPLY_RGB\apply\visualization\registered_rgb_00409.jpg,D:\multimodel\data\APPLY_RGB\apply\visualization\overlay_00409.jpg,success,
00410.jpg,D:\multimodel\data\apply_rgbtest\00410.jpg,D:\multimodel\data\apply_graytest\00410.jpg,D:\multimodel\data\APPLY_RGB\apply\registered_rgb_for_train\00410.jpg,D:\multimodel\data\APPLY_RGB\apply\visualization\registered_rgb_00410.jpg,D:\multimodel\data\APPLY_RGB\apply\visualization\overlay_00410.jpg,success,
00411.jpg,D:\multimodel\data\apply_rgbtest\00411.jpg,D:\multimodel\data\apply_graytest\00411.jpg,D:\multimodel\data\APPLY_RGB\apply\registered_rgb_for_train\00411.jpg,D:\multimodel\data\APPLY_RGB\apply\visualization\registered_rgb_00411.jpg,D:\multimodel\data\APPLY_RGB\apply\visualization\overlay_00411.jpg,success,
00412.jpg,D:\multimodel\data\apply_rgbtest\00412.jpg,D:\multimodel\data\apply_graytest\00412.jpg,D:\multimodel\data\APPLY_RGB\apply\registered_rgb_for_train\00412.jpg,D:\multimodel\data\APPLY_RGB\apply\visualization\registered_rgb_00412.jpg,D:\multimodel\data\APPLY_RGB\apply\visualization\overlay_00412.jpg,success,
00413.jpg,D:\multimodel\data\apply_rgbtest\00413.jpg,D:\multimodel\data\apply_graytest\00413.jpg,D:\multimodel\data\APPLY_RGB\apply\registered_rgb_for_train\00413.jpg,D:\multimodel\data\APPLY_RGB\apply\visualization\registered_rgb_00413.jpg,D:\multimodel\data\APPLY_RGB\apply\visualization\overlay_00413.jpg,success,
00414.jpg,D:\multimodel\data\apply_rgbtest\00414.jpg,D:\multimodel\data\apply_graytest\00414.jpg,D:\multimodel\data\APPLY_RGB\apply\registered_rgb_for_train\00414.jpg,D:\multimodel\data\APPLY_RGB\apply\visualization\registered_rgb_00414.jpg,D:\multimodel\data\APPLY_RGB\apply\visualization\overlay_00414.jpg,success,
00415.jpg,D:\multimodel\data\apply_rgbtest\00415.jpg,D:\multimodel\data\apply_graytest\00415.jpg,D:\multimodel\data\APPLY_RGB\apply\registered_rgb_for_train\00415.jpg,D:\multimodel\data\APPLY_RGB\apply\visualization\registered_rgb_00415.jpg,D:\multimodel\data\APPLY_RGB\apply\visualization\overlay_00415.jpg,success,
00416.jpg,D:\multimodel\data\apply_rgbtest\00416.jpg,D:\multimodel\data\apply_graytest\00416.jpg,D:\multimodel\data\APPLY_RGB\apply\registered_rgb_for_train\00416.jpg,D:\multimodel\data\APPLY_RGB\apply\visualization\registered_rgb_00416.jpg,D:\multimodel\data\APPLY_RGB\apply\visualization\overlay_00416.jpg,success,
00417.jpg,D:\multimodel\data\apply_rgbtest\00417.jpg,D:\multimodel\data\apply_graytest\00417.jpg,D:\multimodel\data\APPLY_RGB\apply\registered_rgb_for_train\00417.jpg,D:\multimodel\data\APPLY_RGB\apply\visualization\registered_rgb_00417.jpg,D:\multimodel\data\APPLY_RGB\apply\visualization\overlay_00417.jpg,success,
00418.jpg,D:\multimodel\data\apply_rgbtest\00418.jpg,D:\multimodel\data\apply_graytest\00418.jpg,D:\multimodel\data\APPLY_RGB\apply\registered_rgb_for_train\00418.jpg,D:\multimodel\data\APPLY_RGB\apply\visualization\registered_rgb_00418.jpg,D:\multimodel\data\APPLY_RGB\apply\visualization\overlay_00418.jpg,success,
00419.jpg,D:\multimodel\data\apply_rgbtest\00419.jpg,D:\multimodel\data\apply_graytest\00419.jpg,D:\multimodel\data\APPLY_RGB\apply\registered_rgb_for_train\00419.jpg,D:\multimodel\data\APPLY_RGB\apply\visualization\registered_rgb_00419.jpg,D:\multimodel\data\APPLY_RGB\apply\visualization\overlay_00419.jpg,success,
00420.jpg,D:\multimodel\data\apply_rgbtest\00420.jpg,D:\multimodel\data\apply_graytest\00420.jpg,D:\multimodel\data\APPLY_RGB\apply\registered_rgb_for_train\00420.jpg,D:\multimodel\data\APPLY_RGB\apply\visualization\registered_rgb_00420.jpg,D:\multimodel\data\APPLY_RGB\apply\visualization\overlay_00420.jpg,success,
00421.jpg,D:\multimodel\data\apply_rgbtest\00421.jpg,D:\multimodel\data\apply_graytest\00421.jpg,D:\multimodel\data\APPLY_RGB\apply\registered_rgb_for_train\00421.jpg,D:\multimodel\data\APPLY_RGB\apply\visualization\registered_rgb_00421.jpg,D:\multimodel\data\APPLY_RGB\apply\visualization\overlay_00421.jpg,success,
00422.jpg,D:\multimodel\data\apply_rgbtest\00422.jpg,D:\multimodel\data\apply_graytest\00422.jpg,D:\multimodel\data\APPLY_RGB\apply\registered_rgb_for_train\00422.jpg,D:\multimodel\data\APPLY_RGB\apply\visualization\registered_rgb_00422.jpg,D:\multimodel\data\APPLY_RGB\apply\visualization\overlay_00422.jpg,success,
00423.jpg,D:\multimodel\data\apply_rgbtest\00423.jpg,D:\multimodel\data\apply_graytest\00423.jpg,D:\multimodel\data\APPLY_RGB\apply\registered_rgb_for_train\00423.jpg,D:\multimodel\data\APPLY_RGB\apply\visualization\registered_rgb_00423.jpg,D:\multimodel\data\APPLY_RGB\apply\visualization\overlay_00423.jpg,success,
00424.jpg,D:\multimodel\data\apply_rgbtest\00424.jpg,D:\multimodel\data\apply_graytest\00424.jpg,D:\multimodel\data\APPLY_RGB\apply\registered_rgb_for_train\00424.jpg,D:\multimodel\data\APPLY_RGB\apply\visualization\registered_rgb_00424.jpg,D:\multimodel\data\APPLY_RGB\apply\visualization\overlay_00424.jpg,success,
00425.jpg,D:\multimodel\data\apply_rgbtest\00425.jpg,D:\multimodel\data\apply_graytest\00425.jpg,D:\multimodel\data\APPLY_RGB\apply\registered_rgb_for_train\00425.jpg,D:\multimodel\data\APPLY_RGB\apply\visualization\registered_rgb_00425.jpg,D:\multimodel\data\APPLY_RGB\apply\visualization\overlay_00425.jpg,success,
00426.jpg,D:\multimodel\data\apply_rgbtest\00426.jpg,D:\multimodel\data\apply_graytest\00426.jpg,D:\multimodel\data\APPLY_RGB\apply\registered_rgb_for_train\00426.jpg,D:\multimodel\data\APPLY_RGB\apply\visualization\registered_rgb_00426.jpg,D:\multimodel\data\APPLY_RGB\apply\visualization\overlay_00426.jpg,success,
00427.jpg,D:\multimodel\data\apply_rgbtest\00427.jpg,D:\multimodel\data\apply_graytest\00427.jpg,D:\multimodel\data\APPLY_RGB\apply\registered_rgb_for_train\00427.jpg,D:\multimodel\data\APPLY_RGB\apply\visualization\registered_rgb_00427.jpg,D:\multimodel\data\APPLY_RGB\apply\visualization\overlay_00427.jpg,success,
00428.jpg,D:\multimodel\data\apply_rgbtest\00428.jpg,D:\multimodel\data\apply_graytest\00428.jpg,D:\multimodel\data\APPLY_RGB\apply\registered_rgb_for_train\00428.jpg,D:\multimodel\data\APPLY_RGB\apply\visualization\registered_rgb_00428.jpg,D:\multimodel\data\APPLY_RGB\apply\visualization\overlay_00428.jpg,success,
00429.jpg,D:\multimodel\data\apply_rgbtest\00429.jpg,D:\multimodel\data\apply_graytest\00429.jpg,D:\multimodel\data\APPLY_RGB\apply\registered_rgb_for_train\00429.jpg,D:\multimodel\data\APPLY_RGB\apply\visualization\registered_rgb_00429.jpg,D:\multimodel\data\APPLY_RGB\apply\visualization\overlay_00429.jpg,success,
00430.jpg,D:\multimodel\data\apply_rgbtest\00430.jpg,D:\multimodel\data\apply_graytest\00430.jpg,D:\multimodel\data\APPLY_RGB\apply\registered_rgb_for_train\00430.jpg,D:\multimodel\data\APPLY_RGB\apply\visualization\registered_rgb_00430.jpg,D:\multimodel\data\APPLY_RGB\apply\visualization\overlay_00430.jpg,success,
00431.jpg,D:\multimodel\data\apply_rgbtest\00431.jpg,D:\multimodel\data\apply_graytest\00431.jpg,D:\multimodel\data\APPLY_RGB\apply\registered_rgb_for_train\00431.jpg,D:\multimodel\data\APPLY_RGB\apply\visualization\registered_rgb_00431.jpg,D:\multimodel\data\APPLY_RGB\apply\visualization\overlay_00431.jpg,success,
00432.jpg,D:\multimodel\data\apply_rgbtest\00432.jpg,D:\multimodel\data\apply_graytest\00432.jpg,D:\multimodel\data\APPLY_RGB\apply\registered_rgb_for_train\00432.jpg,D:\multimodel\data\APPLY_RGB\apply\visualization\registered_rgb_00432.jpg,D:\multimodel\data\APPLY_RGB\apply\visualization\overlay_00432.jpg,success,
00433.jpg,D:\multimodel\data\apply_rgbtest\00433.jpg,D:\multimodel\data\apply_graytest\00433.jpg,D:\multimodel\data\APPLY_RGB\apply\registered_rgb_for_train\00433.jpg,D:\multimodel\data\APPLY_RGB\apply\visualization\registered_rgb_00433.jpg,D:\multimodel\data\APPLY_RGB\apply\visualization\overlay_00433.jpg,success,
00434.jpg,D:\multimodel\data\apply_rgbtest\00434.jpg,D:\multimodel\data\apply_graytest\00434.jpg,D:\multimodel\data\APPLY_RGB\apply\registered_rgb_for_train\00434.jpg,D:\multimodel\data\APPLY_RGB\apply\visualization\registered_rgb_00434.jpg,D:\multimodel\data\APPLY_RGB\apply\visualization\overlay_00434.jpg,success,
00435.jpg,D:\multimodel\data\apply_rgbtest\00435.jpg,D:\multimodel\data\apply_graytest\00435.jpg,D:\multimodel\data\APPLY_RGB\apply\registered_rgb_for_train\00435.jpg,D:\multimodel\data\APPLY_RGB\apply\visualization\registered_rgb_00435.jpg,D:\multimodel\data\APPLY_RGB\apply\visualization\overlay_00435.jpg,success,
00436.jpg,D:\multimodel\data\apply_rgbtest\00436.jpg,D:\multimodel\data\apply_graytest\00436.jpg,D:\multimodel\data\APPLY_RGB\apply\registered_rgb_for_train\00436.jpg,D:\multimodel\data\APPLY_RGB\apply\visualization\registered_rgb_00436.jpg,D:\multimodel\data\APPLY_RGB\apply\visualization\overlay_00436.jpg,success,
00437.jpg,D:\multimodel\data\apply_rgbtest\00437.jpg,D:\multimodel\data\apply_graytest\00437.jpg,D:\multimodel\data\APPLY_RGB\apply\registered_rgb_for_train\00437.jpg,D:\multimodel\data\APPLY_RGB\apply\visualization\registered_rgb_00437.jpg,D:\multimodel\data\APPLY_RGB\apply\visualization\overlay_00437.jpg,success,
00438.jpg,D:\multimodel\data\apply_rgbtest\00438.jpg,D:\multimodel\data\apply_graytest\00438.jpg,D:\multimodel\data\APPLY_RGB\apply\registered_rgb_for_train\00438.jpg,D:\multimodel\data\APPLY_RGB\apply\visualization\registered_rgb_00438.jpg,D:\multimodel\data\APPLY_RGB\apply\visualization\overlay_00438.jpg,success,
00439.jpg,D:\multimodel\data\apply_rgbtest\00439.jpg,D:\multimodel\data\apply_graytest\00439.jpg,D:\multimodel\data\APPLY_RGB\apply\registered_rgb_for_train\00439.jpg,D:\multimodel\data\APPLY_RGB\apply\visualization\registered_rgb_00439.jpg,D:\multimodel\data\APPLY_RGB\apply\visualization\overlay_00439.jpg,success,
00440.jpg,D:\multimodel\data\apply_rgbtest\00440.jpg,D:\multimodel\data\apply_graytest\00440.jpg,D:\multimodel\data\APPLY_RGB\apply\registered_rgb_for_train\00440.jpg,D:\multimodel\data\APPLY_RGB\apply\visualization\registered_rgb_00440.jpg,D:\multimodel\data\APPLY_RGB\apply\visualization\overlay_00440.jpg,success,
00441.jpg,D:\multimodel\data\apply_rgbtest\00441.jpg,D:\multimodel\data\apply_graytest\00441.jpg,D:\multimodel\data\APPLY_RGB\apply\registered_rgb_for_train\00441.jpg,D:\multimodel\data\APPLY_RGB\apply\visualization\registered_rgb_00441.jpg,D:\multimodel\data\APPLY_RGB\apply\visualization\overlay_00441.jpg,success,
00442.jpg,D:\multimodel\data\apply_rgbtest\00442.jpg,D:\multimodel\data\apply_graytest\00442.jpg,D:\multimodel\data\APPLY_RGB\apply\registered_rgb_for_train\00442.jpg,D:\multimodel\data\APPLY_RGB\apply\visualization\registered_rgb_00442.jpg,D:\multimodel\data\APPLY_RGB\apply\visualization\overlay_00442.jpg,success,
00443.jpg,D:\multimodel\data\apply_rgbtest\00443.jpg,D:\multimodel\data\apply_graytest\00443.jpg,D:\multimodel\data\APPLY_RGB\apply\registered_rgb_for_train\00443.jpg,D:\multimodel\data\APPLY_RGB\apply\visualization\registered_rgb_00443.jpg,D:\multimodel\data\APPLY_RGB\apply\visualization\overlay_00443.jpg,success,
00444.jpg,D:\multimodel\data\apply_rgbtest\00444.jpg,D:\multimodel\data\apply_graytest\00444.jpg,D:\multimodel\data\APPLY_RGB\apply\registered_rgb_for_train\00444.jpg,D:\multimodel\data\APPLY_RGB\apply\visualization\registered_rgb_00444.jpg,D:\multimodel\data\APPLY_RGB\apply\visualization\overlay_00444.jpg,success,
00445.jpg,D:\multimodel\data\apply_rgbtest\00445.jpg,D:\multimodel\data\apply_graytest\00445.jpg,D:\multimodel\data\APPLY_RGB\apply\registered_rgb_for_train\00445.jpg,D:\multimodel\data\APPLY_RGB\apply\visualization\registered_rgb_00445.jpg,D:\multimodel\data\APPLY_RGB\apply\visualization\overlay_00445.jpg,success,
00446.jpg,D:\multimodel\data\apply_rgbtest\00446.jpg,D:\multimodel\data\apply_graytest\00446.jpg,D:\multimodel\data\APPLY_RGB\apply\registered_rgb_for_train\00446.jpg,D:\multimodel\data\APPLY_RGB\apply\visualization\registered_rgb_00446.jpg,D:\multimodel\data\APPLY_RGB\apply\visualization\overlay_00446.jpg,success,
00447.jpg,D:\multimodel\data\apply_rgbtest\00447.jpg,D:\multimodel\data\apply_graytest\00447.jpg,D:\multimodel\data\APPLY_RGB\apply\registered_rgb_for_train\00447.jpg,D:\multimodel\data\APPLY_RGB\apply\visualization\registered_rgb_00447.jpg,D:\multimodel\data\APPLY_RGB\apply\visualization\overlay_00447.jpg,success,
00448.jpg,D:\multimodel\data\apply_rgbtest\00448.jpg,D:\multimodel\data\apply_graytest\00448.jpg,D:\multimodel\data\APPLY_RGB\apply\registered_rgb_for_train\00448.jpg,D:\multimodel\data\APPLY_RGB\apply\visualization\registered_rgb_00448.jpg,D:\multimodel\data\APPLY_RGB\apply\visualization\overlay_00448.jpg,success,
00449.jpg,D:\multimodel\data\apply_rgbtest\00449.jpg,D:\multimodel\data\apply_graytest\00449.jpg,D:\multimodel\data\APPLY_RGB\apply\registered_rgb_for_train\00449.jpg,D:\multimodel\data\APPLY_RGB\apply\visualization\registered_rgb_00449.jpg,D:\multimodel\data\APPLY_RGB\apply\visualization\overlay_00449.jpg,success,
00450.jpg,D:\multimodel\data\apply_rgbtest\00450.jpg,D:\multimodel\data\apply_graytest\00450.jpg,D:\multimodel\data\APPLY_RGB\apply\registered_rgb_for_train\00450.jpg,D:\multimodel\data\APPLY_RGB\apply\visualization\registered_rgb_00450.jpg,D:\multimodel\data\APPLY_RGB\apply\visualization\overlay_00450.jpg,success,
00451.jpg,D:\multimodel\data\apply_rgbtest\00451.jpg,D:\multimodel\data\apply_graytest\00451.jpg,D:\multimodel\data\APPLY_RGB\apply\registered_rgb_for_train\00451.jpg,D:\multimodel\data\APPLY_RGB\apply\visualization\registered_rgb_00451.jpg,D:\multimodel\data\APPLY_RGB\apply\visualization\overlay_00451.jpg,success,
00452.jpg,D:\multimodel\data\apply_rgbtest\00452.jpg,D:\multimodel\data\apply_graytest\00452.jpg,D:\multimodel\data\APPLY_RGB\apply\registered_rgb_for_train\00452.jpg,D:\multimodel\data\APPLY_RGB\apply\visualization\registered_rgb_00452.jpg,D:\multimodel\data\APPLY_RGB\apply\visualization\overlay_00452.jpg,success,
00453.jpg,D:\multimodel\data\apply_rgbtest\00453.jpg,D:\multimodel\data\apply_graytest\00453.jpg,D:\multimodel\data\APPLY_RGB\apply\registered_rgb_for_train\00453.jpg,D:\multimodel\data\APPLY_RGB\apply\visualization\registered_rgb_00453.jpg,D:\multimodel\data\APPLY_RGB\apply\visualization\overlay_00453.jpg,success,
00454.jpg,D:\multimodel\data\apply_rgbtest\00454.jpg,D:\multimodel\data\apply_graytest\00454.jpg,D:\multimodel\data\APPLY_RGB\apply\registered_rgb_for_train\00454.jpg,D:\multimodel\data\APPLY_RGB\apply\visualization\registered_rgb_00454.jpg,D:\multimodel\data\APPLY_RGB\apply\visualization\overlay_00454.jpg,success,
00455.jpg,D:\multimodel\data\apply_rgbtest\00455.jpg,D:\multimodel\data\apply_graytest\00455.jpg,D:\multimodel\data\APPLY_RGB\apply\registered_rgb_for_train\00455.jpg,D:\multimodel\data\APPLY_RGB\apply\visualization\registered_rgb_00455.jpg,D:\multimodel\data\APPLY_RGB\apply\visualization\overlay_00455.jpg,success,
00456.jpg,D:\multimodel\data\apply_rgbtest\00456.jpg,D:\multimodel\data\apply_graytest\00456.jpg,D:\multimodel\data\APPLY_RGB\apply\registered_rgb_for_train\00456.jpg,D:\multimodel\data\APPLY_RGB\apply\visualization\registered_rgb_00456.jpg,D:\multimodel\data\APPLY_RGB\apply\visualization\overlay_00456.jpg,success,
00457.jpg,D:\multimodel\data\apply_rgbtest\00457.jpg,D:\multimodel\data\apply_graytest\00457.jpg,D:\multimodel\data\APPLY_RGB\apply\registered_rgb_for_train\00457.jpg,D:\multimodel\data\APPLY_RGB\apply\visualization\registered_rgb_00457.jpg,D:\multimodel\data\APPLY_RGB\apply\visualization\overlay_00457.jpg,success,
00458.jpg,D:\multimodel\data\apply_rgbtest\00458.jpg,D:\multimodel\data\apply_graytest\00458.jpg,D:\multimodel\data\APPLY_RGB\apply\registered_rgb_for_train\00458.jpg,D:\multimodel\data\APPLY_RGB\apply\visualization\registered_rgb_00458.jpg,D:\multimodel\data\APPLY_RGB\apply\visualization\overlay_00458.jpg,success,
00459.jpg,D:\multimodel\data\apply_rgbtest\00459.jpg,D:\multimodel\data\apply_graytest\00459.jpg,D:\multimodel\data\APPLY_RGB\apply\registered_rgb_for_train\00459.jpg,D:\multimodel\data\APPLY_RGB\apply\visualization\registered_rgb_00459.jpg,D:\multimodel\data\APPLY_RGB\apply\visualization\overlay_00459.jpg,success,
00460.jpg,D:\multimodel\data\apply_rgbtest\00460.jpg,D:\multimodel\data\apply_graytest\00460.jpg,D:\multimodel\data\APPLY_RGB\apply\registered_rgb_for_train\00460.jpg,D:\multimodel\data\APPLY_RGB\apply\visualization\registered_rgb_00460.jpg,D:\multimodel\data\APPLY_RGB\apply\visualization\overlay_00460.jpg,success,
00461.jpg,D:\multimodel\data\apply_rgbtest\00461.jpg,D:\multimodel\data\apply_graytest\00461.jpg,D:\multimodel\data\APPLY_RGB\apply\registered_rgb_for_train\00461.jpg,D:\multimodel\data\APPLY_RGB\apply\visualization\registered_rgb_00461.jpg,D:\multimodel\data\APPLY_RGB\apply\visualization\overlay_00461.jpg,success,
00462.jpg,D:\multimodel\data\apply_rgbtest\00462.jpg,D:\multimodel\data\apply_graytest\00462.jpg,D:\multimodel\data\APPLY_RGB\apply\registered_rgb_for_train\00462.jpg,D:\multimodel\data\APPLY_RGB\apply\visualization\registered_rgb_00462.jpg,D:\multimodel\data\APPLY_RGB\apply\visualization\overlay_00462.jpg,success,
00463.jpg,D:\multimodel\data\apply_rgbtest\00463.jpg,D:\multimodel\data\apply_graytest\00463.jpg,D:\multimodel\data\APPLY_RGB\apply\registered_rgb_for_train\00463.jpg,D:\multimodel\data\APPLY_RGB\apply\visualization\registered_rgb_00463.jpg,D:\multimodel\data\APPLY_RGB\apply\visualization\overlay_00463.jpg,success,
00464.jpg,D:\multimodel\data\apply_rgbtest\00464.jpg,D:\multimodel\data\apply_graytest\00464.jpg,D:\multimodel\data\APPLY_RGB\apply\registered_rgb_for_train\00464.jpg,D:\multimodel\data\APPLY_RGB\apply\visualization\registered_rgb_00464.jpg,D:\multimodel\data\APPLY_RGB\apply\visualization\overlay_00464.jpg,success,
00465.jpg,D:\multimodel\data\apply_rgbtest\00465.jpg,D:\multimodel\data\apply_graytest\00465.jpg,D:\multimodel\data\APPLY_RGB\apply\registered_rgb_for_train\00465.jpg,D:\multimodel\data\APPLY_RGB\apply\visualization\registered_rgb_00465.jpg,D:\multimodel\data\APPLY_RGB\apply\visualization\overlay_00465.jpg,success,
00466.jpg,D:\multimodel\data\apply_rgbtest\00466.jpg,D:\multimodel\data\apply_graytest\00466.jpg,D:\multimodel\data\APPLY_RGB\apply\registered_rgb_for_train\00466.jpg,D:\multimodel\data\APPLY_RGB\apply\visualization\registered_rgb_00466.jpg,D:\multimodel\data\APPLY_RGB\apply\visualization\overlay_00466.jpg,success,
00467.jpg,D:\multimodel\data\apply_rgbtest\00467.jpg,D:\multimodel\data\apply_graytest\00467.jpg,D:\multimodel\data\APPLY_RGB\apply\registered_rgb_for_train\00467.jpg,D:\multimodel\data\APPLY_RGB\apply\visualization\registered_rgb_00467.jpg,D:\multimodel\data\APPLY_RGB\apply\visualization\overlay_00467.jpg,success,
00468.jpg,D:\multimodel\data\apply_rgbtest\00468.jpg,D:\multimodel\data\apply_graytest\00468.jpg,D:\multimodel\data\APPLY_RGB\apply\registered_rgb_for_train\00468.jpg,D:\multimodel\data\APPLY_RGB\apply\visualization\registered_rgb_00468.jpg,D:\multimodel\data\APPLY_RGB\apply\visualization\overlay_00468.jpg,success,
00469.jpg,D:\multimodel\data\apply_rgbtest\00469.jpg,D:\multimodel\data\apply_graytest\00469.jpg,D:\multimodel\data\APPLY_RGB\apply\registered_rgb_for_train\00469.jpg,D:\multimodel\data\APPLY_RGB\apply\visualization\registered_rgb_00469.jpg,D:\multimodel\data\APPLY_RGB\apply\visualization\overlay_00469.jpg,success,
00470.jpg,D:\multimodel\data\apply_rgbtest\00470.jpg,D:\multimodel\data\apply_graytest\00470.jpg,D:\multimodel\data\APPLY_RGB\apply\registered_rgb_for_train\00470.jpg,D:\multimodel\data\APPLY_RGB\apply\visualization\registered_rgb_00470.jpg,D:\multimodel\data\APPLY_RGB\apply\visualization\overlay_00470.jpg,success,
00471.jpg,D:\multimodel\data\apply_rgbtest\00471.jpg,D:\multimodel\data\apply_graytest\00471.jpg,D:\multimodel\data\APPLY_RGB\apply\registered_rgb_for_train\00471.jpg,D:\multimodel\data\APPLY_RGB\apply\visualization\registered_rgb_00471.jpg,D:\multimodel\data\APPLY_RGB\apply\visualization\overlay_00471.jpg,success,
00472.jpg,D:\multimodel\data\apply_rgbtest\00472.jpg,D:\multimodel\data\apply_graytest\00472.jpg,D:\multimodel\data\APPLY_RGB\apply\registered_rgb_for_train\00472.jpg,D:\multimodel\data\APPLY_RGB\apply\visualization\registered_rgb_00472.jpg,D:\multimodel\data\APPLY_RGB\apply\visualization\overlay_00472.jpg,success,
00473.jpg,D:\multimodel\data\apply_rgbtest\00473.jpg,D:\multimodel\data\apply_graytest\00473.jpg,D:\multimodel\data\APPLY_RGB\apply\registered_rgb_for_train\00473.jpg,D:\multimodel\data\APPLY_RGB\apply\visualization\registered_rgb_00473.jpg,D:\multimodel\data\APPLY_RGB\apply\visualization\overlay_00473.jpg,success,
00474.jpg,D:\multimodel\data\apply_rgbtest\00474.jpg,D:\multimodel\data\apply_graytest\00474.jpg,D:\multimodel\data\APPLY_RGB\apply\registered_rgb_for_train\00474.jpg,D:\multimodel\data\APPLY_RGB\apply\visualization\registered_rgb_00474.jpg,D:\multimodel\data\APPLY_RGB\apply\visualization\overlay_00474.jpg,success,
00475.jpg,D:\multimodel\data\apply_rgbtest\00475.jpg,D:\multimodel\data\apply_graytest\00475.jpg,D:\multimodel\data\APPLY_RGB\apply\registered_rgb_for_train\00475.jpg,D:\multimodel\data\APPLY_RGB\apply\visualization\registered_rgb_00475.jpg,D:\multimodel\data\APPLY_RGB\apply\visualization\overlay_00475.jpg,success,
00476.jpg,D:\multimodel\data\apply_rgbtest\00476.jpg,D:\multimodel\data\apply_graytest\00476.jpg,D:\multimodel\data\APPLY_RGB\apply\registered_rgb_for_train\00476.jpg,D:\multimodel\data\APPLY_RGB\apply\visualization\registered_rgb_00476.jpg,D:\multimodel\data\APPLY_RGB\apply\visualization\overlay_00476.jpg,success,
00477.jpg,D:\multimodel\data\apply_rgbtest\00477.jpg,D:\multimodel\data\apply_graytest\00477.jpg,D:\multimodel\data\APPLY_RGB\apply\registered_rgb_for_train\00477.jpg,D:\multimodel\data\APPLY_RGB\apply\visualization\registered_rgb_00477.jpg,D:\multimodel\data\APPLY_RGB\apply\visualization\overlay_00477.jpg,success,
00478.jpg,D:\multimodel\data\apply_rgbtest\00478.jpg,D:\multimodel\data\apply_graytest\00478.jpg,D:\multimodel\data\APPLY_RGB\apply\registered_rgb_for_train\00478.jpg,D:\multimodel\data\APPLY_RGB\apply\visualization\registered_rgb_00478.jpg,D:\multimodel\data\APPLY_RGB\apply\visualization\overlay_00478.jpg,success,
00479.jpg,D:\multimodel\data\apply_rgbtest\00479.jpg,D:\multimodel\data\apply_graytest\00479.jpg,D:\multimodel\data\APPLY_RGB\apply\registered_rgb_for_train\00479.jpg,D:\multimodel\data\APPLY_RGB\apply\visualization\registered_rgb_00479.jpg,D:\multimodel\data\APPLY_RGB\apply\visualization\overlay_00479.jpg,success,
00480.jpg,D:\multimodel\data\apply_rgbtest\00480.jpg,D:\multimodel\data\apply_graytest\00480.jpg,D:\multimodel\data\APPLY_RGB\apply\registered_rgb_for_train\00480.jpg,D:\multimodel\data\APPLY_RGB\apply\visualization\registered_rgb_00480.jpg,D:\multimodel\data\APPLY_RGB\apply\visualization\overlay_00480.jpg,success,
00481.jpg,D:\multimodel\data\apply_rgbtest\00481.jpg,D:\multimodel\data\apply_graytest\00481.jpg,D:\multimodel\data\APPLY_RGB\apply\registered_rgb_for_train\00481.jpg,D:\multimodel\data\APPLY_RGB\apply\visualization\registered_rgb_00481.jpg,D:\multimodel\data\APPLY_RGB\apply\visualization\overlay_00481.jpg,success,
